{
  "version": 1,
  "author": "Lucas Carvalho Dos Santos",
  "editor": "wokwi",
  "parts": [
    { "type": "wokwi-breadboard", "id": "bb1", "top": -118.2, "left": -294.8, "attrs": {} },
    {
      "type": "board-esp32-devkit-c-v4",
      "id": "esp",
      "top": -124.8,
      "left": -417.56,
      "attrs": {}
    },
    {
      "type": "wokwi-dht22",
      "id": "dht1",
      "top": -95.7,
      "left": -207,
      "attrs": { "humidity": "81.5", "temperature": "24.6" }
    },
    {
      "type": "wokwi-servo",
      "id": "servo1",
      "top": -125.8,
      "left": 145.8,
      "rotate": 270,
      "attrs": {}
    },
    {
      "type": "wokwi-hx711",
      "id": "cell1",
      "top": -120.8,
      "left": -61.6,
      "rotate": 270,
      "attrs": { "type": "5kg" }
    }
  ],
  "connections": [
    [ "esp:TX", "$serialMonitor:RX", "", [] ],
    [ "esp:RX", "$serialMonitor:TX", "", [] ],
    [ "esp:3V3", "bb1:tp.1", "red", [ "h0.15", "v-19.2" ] ],
    [ "bb1:tp.1", "bb1:bp.1", "red", [ "v0.3", "h-10.4", "v172.8" ] ],
    [ "esp:GND.1", "bb1:bn.1", "black", [ "h-9.45", "v76.8", "h172.8" ] ],
    [ "bb1:bp.6", "bb1:9b.j", "red", [ "v0" ] ],
    [ "bb1:bn.9", "bb1:12b.j", "black", [ "v0" ] ],
    [ "esp:4", "bb1:10b.i", "gray", [ "v9.6", "h134.4" ] ],
    [ "bb1:bn.42", "bb1:52b.j", "black", [ "v0" ] ],
    [ "bb1:bp.43", "bb1:53b.j", "red", [ "v0" ] ],
    [ "bb1:bn.24", "bb1:30b.j", "black", [ "v0" ] ],
    [ "bb1:bp.26", "bb1:33b.j", "red", [ "v0" ] ],
    [ "esp:33", "bb1:31b.j", "green", [ "h-47.85", "v182.4", "h470.4" ] ],
    [ "esp:32", "bb1:32b.j", "limegreen", [ "h-67.05", "v211.2", "h518.4" ] ],
    [ "esp:26", "bb1:54b.j", "orange", [ "h-28.65", "v134.4", "h681.6", "v-86.4" ] ],
    [ "dht1:VCC", "bb1:9b.h", "", [ "$bb" ] ],
    [ "dht1:SDA", "bb1:10b.h", "", [ "$bb" ] ],
    [ "dht1:NC", "bb1:11b.h", "", [ "$bb" ] ],
    [ "dht1:GND", "bb1:12b.h", "", [ "$bb" ] ],
    [ "servo1:GND", "bb1:52b.h", "", [ "$bb" ] ],
    [ "servo1:V+", "bb1:53b.h", "", [ "$bb" ] ],
    [ "servo1:PWM", "bb1:54b.h", "", [ "$bb" ] ],
    [ "cell1:VCC", "bb1:33b.h", "", [ "$bb" ] ],
    [ "cell1:DT", "bb1:31b.h", "", [ "$bb" ] ],
    [ "cell1:SCK", "bb1:32b.h", "", [ "$bb" ] ],
    [ "cell1:GND", "bb1:30b.h", "", [ "$bb" ] ]
  ],
  "dependencies": {}
}