{
  "version": 1,
  "author": "Lucas Carvalho Dos Santos",
  "editor": "wokwi",
  "parts": [
    { "type": "wokwi-breadboard", "id": "bb1", "top": 16.2, "left": 22, "attrs": {} },
    { "type": "board-esp32-devkit-c-v4", "id": "esp", "top": 0, "left": -110.36, "attrs": {} },
    {
      "type": "wokwi-hc-sr04",
      "id": "ultrasonic1",
      "top": 59.1,
      "left": 63.1,
      "attrs": { "distance": "2" }
    },
    {
      "type": "wokwi-gas-sensor",
      "id": "gas1",
      "top": 53.6,
      "left": 310.1,
      "rotate": 90,
      "attrs": {}
    },
    {
      "type": "wokwi-led",
      "id": "led1",
      "top": 102,
      "left": 513,
      "attrs": { "color": "red", "flip": "1" }
    },
    {
      "type": "wokwi-resistor",
      "id": "r1",
      "top": 147.95,
      "left": 537.6,
      "attrs": { "value": "1000" }
    }
  ],
  "connections": [
    [ "esp:TX", "$serialMonitor:RX", "", [] ],
    [ "esp:RX", "$serialMonitor:TX", "", [] ],
    [ "esp:3V3", "bb1:tp.1", "red", [ "h0" ] ],
    [ "esp:GND.1", "bb1:bn.1", "black", [ "h-9.45", "v76.8", "h183.2" ] ],
    [ "bb1:bp.7", "bb1:10b.j", "red", [ "v0" ] ],
    [ "bb1:bn.10", "bb1:13b.j", "black", [ "v0" ] ],
    [ "esp:27", "bb1:12b.i", "purple", [ "h-67.05", "v124.8", "h326.4" ] ],
    [ "esp:14", "bb1:11b.i", "violet", [ "h-47.85", "v105.6", "h288" ] ],
    [ "bb1:bn.47", "bb1:58b.j", "black", [ "v0" ] ],
    [ "bb1:bp.27", "bb1:34b.j", "red", [ "v0" ] ],
    [ "bb1:bn.28", "bb1:35b.j", "black", [ "v0" ] ],
    [ "bb1:tp.50", "bb1:bp.50", "red", [ "v0.3", "h47.2", "v173.7" ] ],
    [ "esp:34", "bb1:37b.j", "blue", [ "h-115.05", "v230.4", "h614.4" ] ],
    [ "esp:25", "bb1:51b.j", "orange", [ "h-172.65", "v220.8", "h806.4" ] ],
    [ "ultrasonic1:VCC", "bb1:10b.h", "", [ "$bb" ] ],
    [ "ultrasonic1:TRIG", "bb1:11b.h", "", [ "$bb" ] ],
    [ "ultrasonic1:ECHO", "bb1:12b.h", "", [ "$bb" ] ],
    [ "ultrasonic1:GND", "bb1:13b.h", "", [ "$bb" ] ],
    [ "r1:1", "bb1:52b.h", "", [ "$bb" ] ],
    [ "r1:2", "bb1:58b.h", "", [ "$bb" ] ],
    [ "led1:A", "bb1:51b.g", "", [ "$bb" ] ],
    [ "led1:C", "bb1:52b.g", "", [ "$bb" ] ],
    [ "gas1:AOUT", "bb1:37b.h", "", [ "$bb" ] ],
    [ "gas1:DOUT", "bb1:36b.h", "", [ "$bb" ] ],
    [ "gas1:GND", "bb1:35b.h", "", [ "$bb" ] ],
    [ "gas1:VCC", "bb1:34b.h", "", [ "$bb" ] ]
  ],
  "dependencies": {}
}